author_country,policy_country,n_items,type
ZA,LU,2,closed
RS,CH,1,closed
MX,NL,5,closed
PE,AU,1,closed
CH,AU,112,closed
PH,CA,1,closed
CY,LU,4,closed
CZ,GB,9,closed
LB,GB,14,closed
GR,DE,13,closed
JO,IT,6,closed
UY,AU,4,closed
ZA,ET,2,closed
AU,LU,50,closed
JP,IE,3,closed
ZA,CA,3,closed
NZ,IT,33,closed
BR,LU,6,closed
BR,AE,5,closed
CD,CH,6,closed
DE,FR,2,closed
JP,NL,30,closed
SN,CH,2,closed
JP,US,39,closed
TR,US,8,closed
BE,NL,65,closed
PT,IE,3,closed
PK,NL,3,closed
PT,CH,4,closed
TH,CH,53,closed
GB,CH,543,closed
IN,US,52,closed
MY,IT,7,closed
BR,CH,66,closed
DE,CA,20,closed
TR,GB,78,closed
ET,NL,1,closed
US,CI,26,closed
BE,BE,5,closed
CZ,DE,1,closed
FR,CI,1,closed
RO,GB,10,closed
FR,ET,1,closed
PH,TH,2,closed
ZW,US,1,closed
BA,CH,1,closed
MY,CA,2,closed
NP,CH,4,closed
SA,IT,10,closed
CL,CH,10,closed
FR,US,100,closed
MG,NL,2,closed
BR,NL,11,closed
US,US,3992,closed
CY,AU,25,closed
SE,DE,11,closed
ZA,IT,52,closed
MY,US,3,closed
LU,LU,3,closed
AR,US,3,closed
PF,CH,5,closed
GH,IT,2,closed
PG,AU,3,closed
CN,LU,19,closed
SE,AE,10,closed
IS,IT,1,closed
SE,GB,165,closed
IE,IT,12,closed
NZ,US,33,closed
SG,LU,2,closed
AR,DE,4,closed
PL,US,5,closed
FR,BE,1,closed
HU,AU,5,closed
RU,DE,2,closed
IR,US,5,closed
DE,GB,406,closed
IE,CA,1,closed
ES,ET,1,closed
AT,TH,1,closed
US,ET,13,closed
IR,DE,7,closed
UY,CH,2,closed
ID,GB,3,closed
PH,AU,1,closed
IT,AE,4,closed
QA,GB,3,closed
IL,US,19,closed
TZ,DE,1,closed
FI,DE,14,closed
EG,IT,2,closed
ZM,AU,2,closed
NL,LU,85,closed
LB,US,2,closed
VN,CH,8,closed
US,BE,27,closed
UG,AU,5,closed
AT,CH,21,closed
NE,CH,1,closed
CR,CH,1,closed
BR,ET,1,closed
SD,GB,2,closed
NE,DE,1,closed
CH,IT,37,closed
AT,CI,1,closed
GA,US,1,closed
UA,CH,2,closed
SE,LU,28,closed
MA,IT,4,closed
US,DE,317,closed
CA,IE,3,closed
IR,IT,2,closed
CA,CA,63,closed
SI,LU,2,closed
PT,LU,5,closed
NO,IT,26,closed
CN,CI,2,closed
IT,BE,5,closed
MA,GB,2,closed
NZ,DE,12,closed
KZ,AU,1,closed
VN,US,1,closed
JO,GB,4,closed
ZA,CH,89,closed
BA,LU,1,closed
US,RU,1,closed
AT,CA,2,closed
BD,US,5,closed
GB,FR,4,closed
CN,DE,39,closed
GR,AU,44,closed
CU,CH,5,closed
RO,US,3,closed
CA,ET,1,closed
DK,NL,48,closed
AR,LU,1,closed
BD,CH,30,closed
CZ,IT,3,closed
PL,IT,1,closed
GR,IT,30,closed
AT,NL,20,closed
SG,US,19,closed
TN,CH,3,closed
GB,LU,147,closed
IN,AU,16,closed
TW,GB,86,closed
SG,DE,2,closed
DK,US,49,closed
IR,LU,2,closed
PK,CH,57,closed
DK,FR,1,closed
CZ,BE,2,closed
IL,LU,2,closed
GB,ET,11,closed
BE,DE,20,closed
GB,NL,289,closed
SD,IT,2,closed
PW,GB,1,closed
ET,US,1,closed
CO,CH,7,closed
RO,NL,4,closed
ZA,AU,26,closed
IT,ES,5,closed
PK,DE,1,closed
KH,CH,2,closed
GR,CA,2,closed
MY,CH,13,closed
CN,FR,4,closed
IN,NL,16,closed
BD,AU,2,closed
JP,DE,18,closed
GB,ES,7,closed
JP,GB,181,closed
JO,CH,4,closed
SA,US,10,closed
FR,AE,2,closed
TN,IT,12,closed
US,TH,10,closed
IS,AU,4,closed
FM,AE,3,closed
IT,CN,2,closed
FI,NL,12,closed
CM,DE,1,closed
IR,CH,4,closed
UY,NL,4,closed
FI,IT,31,closed
TZ,US,3,closed
JP,AE,1,closed
SY,IT,7,closed
DE,US,152,closed
TR,LU,5,closed
BE,ET,1,closed
AR,GB,6,closed
NC,AU,2,closed
UA,AU,2,closed
GR,CH,26,closed
AR,AU,2,closed
EE,NL,2,closed
CA,AU,275,closed
NG,AU,4,closed
US,AE,19,closed
IN,LU,9,closed
FR,IT,149,closed
TR,CH,31,closed
BE,CH,51,closed
PT,NL,10,closed
IN,ET,1,closed
SL,US,1,closed
GB,IT,211,closed
CH,TH,1,closed
AU,NL,128,closed
VE,NL,2,closed
DE,IT,134,closed
SE,IE,2,closed
DE,NL,139,closed
ID,AU,1,closed
SE,CA,11,closed
ES,GB,227,closed
AU,CH,301,closed
NZ,NL,24,closed
BD,LU,1,closed
IE,US,18,closed
CY,ET,1,closed
FI,CH,26,closed
YE,CH,2,closed
SG,IT,2,closed
RU,CH,4,closed
IE,LU,5,closed
BE,IT,26,closed
SG,AU,25,closed
CN,AU,92,closed
TW,US,22,closed
AT,AU,49,closed
CL,LU,3,closed
NO,DE,8,closed
PH,US,7,closed
PE,FR,1,closed
BD,GB,2,closed
TH,US,11,closed
NL,GB,434,closed
CA,NL,88,closed
SG,GB,19,closed
IL,CH,25,closed
CO,IT,6,closed
CA,LU,24,closed
NL,BE,2,closed
NL,DE,80,closed
CZ,AU,4,closed
RO,DE,2,closed
CA,FR,1,closed
CA,CI,2,closed
DE,CI,2,closed
PH,CH,8,closed
SI,CH,97,closed
GH,CH,9,closed
AU,IE,4,closed
TZ,CH,17,closed
PT,US,5,closed
FR,CA,9,closed
HU,CH,4,closed
FR,FR,1,closed
NL,AE,14,closed
DK,CH,39,closed
AT,AE,2,closed
GH,GB,2,closed
RW,CH,4,closed
CA,CN,2,closed
LK,CH,21,closed
SE,AU,109,closed
IT,CH,77,closed
DE,LU,90,closed
ZW,IT,25,closed
CA,ES,6,closed
IT,US,80,closed
RU,GB,8,closed
CY,IT,6,closed
KR,GB,128,closed
KR,IT,5,closed
DO,CH,1,closed
TW,NL,11,closed
ID,CH,15,closed
IE,AU,17,closed
DE,ES,1,closed
BE,LU,52,closed
IE,BE,2,closed
KR,AU,36,closed
IE,DE,5,closed
IT,IE,1,closed
NO,IE,1,closed
NO,LU,4,closed
UG,GB,2,closed
TR,CI,1,closed
AE,IT,4,closed
LB,CH,7,closed
FI,AU,44,closed
GH,AU,2,closed
ES,CA,2,closed
NP,IT,2,closed
KR,NL,31,closed
PL,CH,22,closed
TR,IE,2,closed
SN,IT,12,closed
ES,NL,45,closed
CY,CA,2,closed
KE,CH,20,closed
IE,CI,2,closed
BD,DE,1,closed
DE,DE,242,closed
SI,GB,3,closed
MY,GB,3,closed
ZA,NL,2,closed
CN,CN,2,closed
RU,CA,2,closed
LU,CH,3,closed
RE,NL,2,closed
DZ,IT,2,closed
IR,ES,1,closed
NL,CA,11,closed
CO,US,17,closed
LK,GB,2,closed
GE,IT,1,closed
CH,CH,291,closed
ZM,IT,8,closed
TH,CA,2,closed
NA,CH,4,closed
GB,IE,2,closed
IS,US,1,closed
GY,GB,1,closed
PE,IT,8,closed
US,GB,2000,closed
CR,FR,2,closed
SE,US,75,closed
BR,US,62,closed
NO,GB,89,closed
SA,GB,5,closed
UY,GB,2,closed
AU,AE,1,closed
TW,IT,11,closed
KR,LU,3,closed
SK,IT,1,closed
KR,CA,2,closed
CH,GB,80,closed
NO,AU,60,closed
FR,IE,9,closed
HU,LU,6,closed
FI,CA,1,closed
BR,DE,32,closed
PK,CI,1,closed
ZA,FR,2,closed
TR,DE,14,closed
IT,CI,1,closed
FI,US,20,closed
VN,GB,4,closed
CR,US,2,closed
SA,NL,5,closed
KE,AU,4,closed
HR,CH,1,closed
IE,FR,1,closed
EE,AU,3,closed
GR,AE,3,closed
NO,CA,3,closed
NG,CH,12,closed
ES,AU,80,closed
CH,DE,18,closed
ES,BE,1,closed
NL,IT,115,closed
SE,CH,63,closed
ES,DE,30,closed
PT,AE,1,closed
AU,TH,3,closed
JM,CH,1,closed
KR,CH,58,closed
BG,US,1,closed
RU,LU,2,closed
US,NL,632,closed
MY,NL,8,closed
BW,CH,3,closed
BR,IT,48,closed
DE,ET,2,closed
BD,IT,6,closed
EG,US,1,closed
FI,GB,46,closed
US,IE,7,closed
SG,NL,2,closed
NO,CH,60,closed
NL,AU,246,closed
AU,AU,2733,closed
CZ,CH,15,closed
US,ES,7,closed
CY,NL,3,closed
EG,DE,1,closed
SC,ET,1,closed
US,FR,23,closed
KE,US,9,closed
CL,AU,20,closed
PH,GB,1,closed
ZA,DE,2,closed
CN,CA,20,closed
TH,DE,4,closed
NL,FR,6,closed
CH,AE,1,closed
MX,US,8,closed
MX,IT,44,closed
CH,US,84,closed
IE,GB,57,closed
CZ,CA,1,closed
BW,AU,2,closed
AT,LU,13,closed
LK,US,1,closed
RS,IT,1,closed
FR,GB,267,closed
CM,CH,1,closed
AR,IT,28,closed
TZ,GB,1,closed
CZ,LU,6,closed
CA,IT,114,closed
RS,AU,2,closed
HR,DE,1,closed
SY,DE,2,closed
AE,BE,1,closed
IE,NL,13,closed
ZA,GB,14,closed
ET,IT,15,closed
DE,BE,7,closed
MW,US,2,closed
PE,US,2,closed
NL,NL,1134,closed
ID,US,1,closed
MM,CH,2,closed
EG,GB,49,closed
CM,AU,1,closed
UG,IT,4,closed
GB,AE,6,closed
GR,US,19,closed
NZ,AU,246,closed
RU,US,6,closed
IL,NL,22,closed
GB,CA,17,closed
IE,CH,24,closed
AU,ET,1,closed
PG,CH,8,closed
NL,US,130,closed
CH,NL,48,closed
TN,FR,2,closed
JP,CA,3,closed
TW,CH,22,closed
TH,NL,3,closed
SA,DE,1,closed
CM,CI,2,closed
CO,GB,7,closed
DE,AU,183,closed
MW,IT,4,closed
BE,GB,110,closed
IR,NL,3,closed
IS,LU,4,closed
GY,AU,1,closed
SK,AU,3,closed
NO,NL,18,closed
LU,US,5,closed
BE,AU,54,closed
IT,IT,163,closed
JM,US,2,closed
AE,US,1,closed
NZ,GB,66,closed
CH,CI,4,closed
PH,NL,2,closed
AT,IT,15,closed
CN,NL,70,closed
CA,CH,195,closed
SI,NL,2,closed
FI,LU,6,closed
IT,NL,61,closed
BR,GB,92,closed
AT,DE,10,closed
UG,CH,27,closed
NO,CI,1,closed
AU,US,189,closed
PL,GB,21,closed
US,IT,583,closed
CL,US,15,closed
AU,ES,3,closed
ZM,CH,2,closed
GB,RU,1,closed
DK,LU,20,closed
UG,US,1,closed
CA,US,226,closed
PT,GB,22,closed
ET,CH,7,closed
FR,RU,1,closed
ZA,AE,1,closed
CY,CH,7,closed
SE,TH,1,closed
GB,CI,13,closed
ID,NL,6,closed
DK,ES,7,closed
GR,GB,31,closed
IN,IT,47,closed
FR,LU,29,closed
SE,FR,2,closed
CO,DE,3,closed
KE,GB,2,closed
GP,IT,2,closed
DK,GB,128,closed
GB,US,370,closed
GB,BE,7,closed
GB,DE,144,closed
BR,AU,35,closed
IN,FR,2,closed
NC,GB,7,closed
KR,DE,11,closed
ZM,GB,2,closed
QA,AU,1,closed
CA,DE,69,closed
CH,FR,5,closed
MX,AU,16,closed
CN,AE,7,closed
TW,LU,1,closed
TN,GB,2,closed
BE,CA,6,closed
PL,NL,7,closed
HU,IT,3,closed
PE,CH,6,closed
AT,US,24,closed
CD,IT,4,closed
CR,IT,10,closed
TH,GB,11,closed
CL,GB,3,closed
IS,GB,4,closed
FR,CH,156,closed
TR,NL,1,closed
KE,NL,2,closed
CA,AE,3,closed
SG,CH,27,closed
PL,LU,5,closed
CN,US,92,closed
RW,US,1,closed
NG,IT,1,closed
GR,LU,11,closed
HU,NL,4,closed
KE,LU,1,closed
JP,AU,30,closed
NL,IE,1,closed
PK,AU,7,closed
TW,CA,4,closed
NC,IT,11,closed
IS,NL,2,closed
SA,AE,1,closed
PH,IT,10,closed
IR,GB,27,closed
JM,IT,1,closed
ES,LU,61,closed
US,LU,164,closed
DO,GB,2,closed
MY,LU,2,closed
CL,DE,4,closed
KR,CI,2,closed
IL,IT,8,closed
ES,US,58,closed
CA,GB,409,closed
MX,GB,14,closed
AU,GB,513,closed
SL,GB,1,closed
CZ,US,2,closed
IL,GB,62,closed
AU,DE,57,closed
FR,AU,80,closed
GB,GB,1799,closed
KZ,CH,1,closed
SA,CH,40,closed
ES,CH,92,closed
RU,IT,2,closed
BR,FR,1,closed
CZ,ES,1,closed
DE,AE,15,closed
IR,AU,4,closed
SE,ET,3,closed
EE,GB,3,closed
KR,US,33,closed
AE,AE,2,closed
ID,IT,26,closed
SC,IT,34,closed
CL,FR,9,closed
PL,AE,1,closed
IT,GB,232,closed
TW,AU,24,closed
CN,GB,307,closed
TR,IT,6,closed
AR,CH,13,closed
AR,NL,2,closed
NL,CH,159,closed
AU,FR,8,closed
SK,CH,1,closed
IT,AU,105,closed
PK,US,28,closed
JO,DE,3,closed
SE,NL,62,closed
CN,IT,100,closed
IT,DE,49,closed
TR,AU,7,closed
CY,US,1,closed
VE,FR,2,closed
MY,AU,20,closed
CN,BE,1,closed
CO,AU,7,closed
NZ,CA,2,closed
ES,IT,79,closed
AT,GB,51,closed
IE,AE,1,closed
BG,LU,5,closed
AT,BE,2,closed
CH,BE,2,closed
GA,GB,2,closed
JP,LU,11,closed
EG,CH,14,closed
TH,TH,1,closed
AU,CA,12,closed
GB,TH,1,closed
US,AU,1805,closed
KE,IT,17,closed
PL,AU,10,closed
ML,IT,2,closed
FR,NL,60,closed
PW,AU,1,closed
IR,CA,1,closed
SA,AU,5,closed
US,CA,92,closed
HR,LU,2,closed
ML,AU,1,closed
JP,CH,49,closed
IN,GB,60,closed
MX,CH,13,closed
NC,TH,1,closed
ZA,US,7,closed
NC,US,1,closed
TW,DE,21,closed
IN,DE,6,closed
LB,IT,2,closed
DK,DE,24,closed
UY,FR,2,closed
AU,IT,186,closed
SE,IT,93,closed
NZ,LU,10,closed
NZ,CH,53,closed
ZW,AU,1,closed
HU,GB,3,closed
SI,IT,4,closed
GE,US,1,closed
PT,IT,10,closed
SE,BE,1,closed
TH,IT,16,closed
PT,AU,18,closed
CH,LU,38,closed
RW,IT,3,closed
PK,GB,3,closed
LK,IT,1,closed
AU,CI,3,closed
CL,IT,20,closed
US,CH,1577,closed
PT,FR,2,closed
BE,AE,1,closed
IT,LU,127,closed
TZ,IT,2,closed
DE,CH,156,closed
FR,DE,35,closed
CO,FR,2,closed
IN,CH,110,closed
JP,IT,11,closed
DO,DE,1,closed
CZ,NL,5,closed
DK,IT,45,closed
CG,CH,2,closed
HR,ES,1,closed
BR,CA,5,closed
AE,DE,2,closed
NO,US,30,closed
HR,GB,5,closed
GR,NL,14,closed
DK,AU,58,closed
BE,US,27,closed
PK,IT,3,closed
MX,DE,1,closed
OM,CH,4,closed
MN,AU,5,closed
GB,AU,716,closed
IL,DE,6,closed
AU,BE,1,closed
CN,CH,171,closed
CM,IT,28,closed
EG,AU,1,closed
IL,AU,30,closed
GB,CN,2,closed
CH,IT,34,golg
GA,US,2,golg
UY,IT,2,golg
SE,LU,3,golg
MA,IT,5,golg
US,DE,9,golg
CA,CA,9,golg
LR,US,8,golg
PT,LU,3,golg
NO,IT,6,golg
JO,GB,2,golg
ZA,CH,73,golg
BD,US,2,golg
GB,FR,2,golg
CN,DE,2,golg
GR,AU,1,golg
CU,CH,2,golg
BT,US,2,golg
RO,US,2,golg
DK,NL,10,golg
BD,CH,21,golg
PL,IT,4,golg
GR,IT,5,golg
AT,NL,1,golg
TN,CH,8,golg
SG,US,1,golg
GN,CH,5,golg
GB,LU,26,golg
IN,AU,8,golg
TW,GB,20,golg
DK,US,2,golg
NP,US,1,golg
PK,CH,16,golg
GB,ET,1,golg
BE,DE,3,golg
GB,NL,64,golg
ET,US,1,golg
CO,CH,4,golg
ZA,AU,11,golg
KH,CH,3,golg
MY,CH,11,golg
LR,GB,2,golg
IN,NL,5,golg
BJ,CH,7,golg
JP,GB,23,golg
JO,CH,8,golg
SA,US,4,golg
US,TH,2,golg
FI,NL,4,golg
FI,IT,1,golg
TZ,US,2,golg
PG,IT,1,golg
DE,US,27,golg
OM,US,1,golg
GR,CH,2,golg
AR,AU,2,golg
CA,AU,84,golg
US,AE,5,golg
FR,IT,51,golg
TR,CH,2,golg
BE,CH,32,golg
NI,US,1,golg
GB,IT,51,golg
AU,NL,23,golg
DE,IT,51,golg
DE,NL,12,golg
ES,GB,19,golg
AU,CH,125,golg
IE,US,2,golg
FI,CH,15,golg
YE,CH,2,golg
SG,IT,6,golg
RU,CH,2,golg
IE,LU,1,golg
BE,IT,6,golg
CN,AU,32,golg
TW,US,6,golg
AT,AU,11,golg
NO,DE,1,golg
PH,US,1,golg
TH,US,1,golg
NL,GB,66,golg
CA,NL,14,golg
SG,GB,2,golg
GH,US,1,golg
IL,CH,2,golg
CO,IT,5,golg
CA,LU,1,golg
LA,CH,1,golg
NL,BE,1,golg
NL,DE,17,golg
PH,CH,11,golg
GH,CH,27,golg
TZ,CH,24,golg
PT,US,1,golg
FR,CA,1,golg
DK,CH,14,golg
RW,CH,2,golg
LK,CH,44,golg
SE,AU,39,golg
IT,CH,32,golg
DE,LU,14,golg
ZW,IT,2,golg
IT,US,14,golg
KR,GB,23,golg
LT,AU,1,golg
KR,IT,11,golg
TW,NL,1,golg
CI,CH,2,golg
ID,CH,10,golg
IE,AU,4,golg
ES,FR,1,golg
BW,GB,3,golg
BE,LU,4,golg
KR,AU,2,golg
IE,DE,2,golg
NO,LU,5,golg
UG,GB,1,golg
SY,CH,4,golg
LB,CH,5,golg
FI,AU,23,golg
FJ,AU,2,golg
NP,IT,1,golg
KR,NL,4,golg
AM,US,4,golg
TR,IE,1,golg
ES,NL,17,golg
KE,CH,25,golg
ET,AU,1,golg
MA,CH,2,golg
MW,CH,18,golg
SC,CH,1,golg
DE,DE,19,golg
MY,GB,3,golg
CN,CN,2,golg
PF,US,9,golg
BO,CH,2,golg
NL,CA,1,golg
LK,GB,2,golg
PE,GB,3,golg
BD,FR,1,golg
BE,TH,1,golg
CH,CH,280,golg
NA,CH,2,golg
SC,AU,1,golg
RO,CH,1,golg
PE,IT,6,golg
US,GB,194,golg
SE,US,6,golg
BR,US,7,golg
NO,GB,25,golg
CH,GB,18,golg
NO,AU,13,golg
FR,IE,2,golg
BR,DE,2,golg
FI,US,4,golg
SA,NL,1,golg
KE,AU,1,golg
HR,CH,1,golg
OM,IT,1,golg
NG,CH,4,golg
CH,CA,2,golg
ES,AU,8,golg
NL,IT,60,golg
EG,NL,1,golg
SE,CH,30,golg
ES,DE,2,golg
KR,CH,19,golg
US,NL,69,golg
BW,CH,1,golg
BR,IT,14,golg
EG,US,2,golg
PE,LU,1,golg
FI,GB,10,golg
US,IE,2,golg
TH,AU,4,golg
NO,CH,22,golg
NL,AU,68,golg
AU,AU,486,golg
US,FR,8,golg
KE,US,15,golg
CL,AU,2,golg
CN,CA,5,golg
TH,DE,1,golg
NL,FR,1,golg
MX,US,1,golg
MX,IT,7,golg
CH,US,15,golg
IE,GB,7,golg
AT,LU,1,golg
NO,FR,1,golg
RS,IT,2,golg
FR,GB,27,golg
CM,CH,8,golg
AR,IT,1,golg
TZ,GB,2,golg
CA,IT,17,golg
IE,NL,1,golg
ZA,GB,10,golg
MW,US,1,golg
PE,US,3,golg
NL,NL,361,golg
EG,GB,5,golg
MM,CH,1,golg
NL,CI,1,golg
ML,US,1,golg
NI,CH,2,golg
GR,US,2,golg
EE,CH,4,golg
NZ,AU,24,golg
IE,CH,6,golg
GB,CA,2,golg
PG,CH,14,golg
NL,US,26,golg
CH,NL,9,golg
PF,AU,1,golg
TW,CH,6,golg
DE,AU,53,golg
MW,IT,2,golg
BE,GB,11,golg
MW,GB,1,golg
NO,NL,13,golg
BE,AU,13,golg
KR,CN,2,golg
IT,IT,40,golg
NZ,GB,5,golg
AT,IT,6,golg
CN,NL,25,golg
CA,CH,78,golg
IT,NL,31,golg
BR,GB,35,golg
LV,CH,2,golg
NI,IT,4,golg
UG,CH,18,golg
AU,US,41,golg
PL,GB,6,golg
QA,CH,1,golg
US,IT,236,golg
ZM,CH,8,golg
BG,NL,1,golg
GB,RU,1,golg
DK,LU,1,golg
UG,US,4,golg
CA,US,24,golg
ET,CH,24,golg
PT,GB,4,golg
IN,IT,3,golg
FR,LU,6,golg
RS,US,2,golg
KE,GB,3,golg
MW,FR,1,golg
DK,GB,19,golg
GB,US,69,golg
GB,DE,10,golg
BR,AU,15,golg
LK,TH,1,golg
CA,DE,2,golg
MX,AU,9,golg
TN,GB,1,golg
GH,NL,1,golg
BE,CA,1,golg
PL,NL,2,golg
PE,CH,3,golg
AT,US,3,golg
CD,IT,3,golg
TH,GB,4,golg
FR,CH,58,golg
SL,CH,2,golg
BG,AU,1,golg
CA,AE,1,golg
SG,CH,20,golg
CN,US,21,golg
GR,LU,2,golg
KE,LU,2,golg
JP,AU,7,golg
NC,IT,3,golg
RU,NL,2,golg
PH,IT,2,golg
IR,GB,2,golg
ES,LU,6,golg
US,LU,22,golg
MY,LU,1,golg
IL,IT,4,golg
ES,US,13,golg
CA,GB,60,golg
AU,GB,79,golg
HR,AU,1,golg
IL,GB,2,golg
AU,DE,11,golg
FR,AU,26,golg
GB,GB,810,golg
KZ,CH,2,golg
SA,CH,22,golg
ES,CH,41,golg
RU,IT,2,golg
BR,FR,4,golg
DE,AE,1,golg
EE,GB,3,golg
KR,US,11,golg
ID,IT,18,golg
IT,GB,26,golg
TW,AU,1,golg
CN,GB,70,golg
BW,US,3,golg
QA,US,1,golg
PK,CA,1,golg
AR,CH,5,golg
NL,CH,119,golg
SK,CH,1,golg
IT,AU,15,golg
PK,US,4,golg
ZW,CH,5,golg
SE,NL,48,golg
CN,IT,50,golg
IT,DE,4,golg
MY,AU,1,golg
ES,IT,12,golg
AT,GB,2,golg
IT,CA,1,golg
EG,CH,4,golg
ZM,US,1,golg
AU,CA,7,golg
GB,TH,1,golg
US,AU,263,golg
KE,IT,9,golg
FR,NL,25,golg
US,CA,19,golg
JP,CH,24,golg
IN,GB,14,golg
MX,CH,4,golg
ZA,US,8,golg
TW,DE,3,golg
AU,IT,19,golg
SE,IT,20,golg
NZ,LU,1,golg
NZ,CH,10,golg
HU,GB,2,golg
PT,IT,6,golg
TH,IT,5,golg
PT,AU,1,golg
CH,LU,3,golg
US,CH,551,golg
IT,LU,32,golg
DE,CH,42,golg
FR,DE,3,golg
CO,FR,1,golg
IN,CH,76,golg
JP,IT,2,golg
DK,IT,3,golg
NO,US,5,golg
HR,GB,2,golg
AL,IT,2,golg
BE,US,6,golg
PK,IT,3,golg
OM,CH,3,golg
GB,AU,190,golg
CN,CH,114,golg
IL,AU,2,golg
RS,CH,2,golg
PE,AU,2,golg
CH,AU,31,golg
CZ,GB,6,golg
ZA,ET,2,golg
AU,LU,1,golg
NZ,IT,2,golg
BR,LU,3,golg
GM,CH,3,golg
LT,LU,1,golg
CD,CH,6,golg
DE,FR,3,golg
JP,NL,4,golg
SN,CH,10,golg
JP,US,9,golg
TR,US,3,golg
RO,IT,1,golg
MM,US,1,golg
BE,NL,16,golg
PT,CH,7,golg
TH,CH,27,golg
GB,CH,395,golg
IN,US,14,golg
MY,IT,1,golg
CA,BR,1,golg
BR,CH,53,golg
DE,CA,2,golg
TR,GB,13,golg
ET,NL,2,golg
US,CI,1,golg
RO,GB,3,golg
NC,CH,6,golg
ZW,US,1,golg
RS,GB,2,golg
LB,AU,1,golg
NP,CH,19,golg
LA,US,1,golg
SA,IT,10,golg
CL,CH,2,golg
BD,NL,1,golg
SK,NL,1,golg
FR,US,17,golg
BR,NL,4,golg
US,US,491,golg
SE,DE,1,golg
ZA,IT,11,golg
SD,CH,12,golg
TZ,AU,1,golg
PF,CH,9,golg
GH,IT,2,golg
PG,AU,1,golg
ML,CH,11,golg
CN,LU,2,golg
SE,AE,2,golg
SE,GB,54,golg
IE,IT,2,golg
LK,AU,1,golg
GA,CH,3,golg
DE,GB,44,golg
US,ET,2,golg
UY,CH,3,golg
BF,US,1,golg
ID,GB,2,golg
FI,DE,1,golg
IN,CA,1,golg
EG,IT,5,golg
NL,LU,11,golg
VN,CH,14,golg
UG,AU,1,golg
MY,CN,4,golg
AT,CH,6,golg
BF,CH,12,golg
NO,IT,23,hybrid
IT,BE,1,hybrid
TZ,CI,1,hybrid
CH,IT,26,hybrid
DK,CI,1,hybrid
ZA,CH,27,hybrid
SE,LU,6,hybrid
US,DE,49,hybrid
CA,CA,8,hybrid
GT,IT,4,hybrid
GB,FR,3,hybrid
CN,DE,2,hybrid
GB,LU,47,hybrid
IN,AU,2,hybrid
TW,GB,12,hybrid
DK,US,25,hybrid
CU,CH,2,hybrid
NP,US,2,hybrid
DK,NL,3,hybrid
BD,CH,3,hybrid
GB,ET,1,hybrid
BE,DE,7,hybrid
GB,NL,123,hybrid
CZ,IT,4,hybrid
PL,IT,1,hybrid
AT,NL,22,hybrid
CO,CH,7,hybrid
ZA,AU,6,hybrid
FI,NL,8,hybrid
IR,CH,5,hybrid
FI,IT,5,hybrid
CN,FR,1,hybrid
IN,NL,1,hybrid
TZ,US,1,hybrid
BD,AU,2,hybrid
JP,DE,5,hybrid
DE,US,35,hybrid
GB,ES,3,hybrid
JP,GB,18,hybrid
AR,GB,2,hybrid
US,TH,2,hybrid
FR,IT,29,hybrid
TR,CH,2,hybrid
BE,CH,8,hybrid
GR,CH,6,hybrid
AR,AU,3,hybrid
IT,FR,2,hybrid
GB,IT,159,hybrid
CA,AU,41,hybrid
AU,NL,7,hybrid
US,AE,8,hybrid
DE,IT,45,hybrid
SE,IE,1,hybrid
DE,NL,22,hybrid
RU,CH,4,hybrid
IE,LU,1,hybrid
ID,AU,5,hybrid
BE,IT,11,hybrid
SE,CA,1,hybrid
ES,GB,37,hybrid
NP,CA,2,hybrid
KE,AE,1,hybrid
CN,AU,2,hybrid
AU,CH,69,hybrid
AT,AU,31,hybrid
FJ,CH,4,hybrid
NO,DE,2,hybrid
PH,US,1,hybrid
FI,CH,9,hybrid
TH,US,1,hybrid
NL,GB,100,hybrid
PH,CH,7,hybrid
CA,NL,16,hybrid
SI,CH,1,hybrid
SG,GB,2,hybrid
GH,US,1,hybrid
IL,CH,6,hybrid
GH,CH,6,hybrid
TZ,CH,1,hybrid
PT,US,1,hybrid
CO,IT,6,hybrid
CA,LU,4,hybrid
LA,CH,3,hybrid
NL,DE,21,hybrid
NL,AE,1,hybrid
DK,CH,13,hybrid
RW,CH,2,hybrid
ID,CH,12,hybrid
IE,AU,2,hybrid
DE,ES,5,hybrid
BE,LU,1,hybrid
IE,DE,1,hybrid
SE,AU,41,hybrid
IT,CH,10,hybrid
IT,IE,2,hybrid
DE,LU,12,hybrid
NO,LU,3,hybrid
CA,ES,1,hybrid
IT,US,27,hybrid
UG,GB,1,hybrid
SY,CH,2,hybrid
AE,IT,3,hybrid
FI,AU,15,hybrid
KR,GB,31,hybrid
FJ,AU,2,hybrid
KR,NL,2,hybrid
LU,CH,4,hybrid
PL,CH,3,hybrid
SA,LU,1,hybrid
ES,NL,16,hybrid
KE,CH,14,hybrid
ET,AU,1,hybrid
NL,CA,4,hybrid
CO,US,1,hybrid
MW,CH,5,hybrid
CH,CH,115,hybrid
ZM,IT,1,hybrid
DE,DE,27,hybrid
JP,NL,4,hybrid
CH,AU,12,hybrid
JP,US,11,hybrid
CZ,GB,4,hybrid
GR,DE,4,hybrid
TR,US,2,hybrid
AU,LU,1,hybrid
NZ,IT,16,hybrid
BR,LU,1,hybrid
GM,CH,3,hybrid
IL,BR,1,hybrid
BE,NL,12,hybrid
PT,CH,3,hybrid
TH,CH,15,hybrid
FR,CI,1,hybrid
GB,CH,315,hybrid
ZW,US,1,hybrid
IN,US,4,hybrid
MY,IT,8,hybrid
BR,CH,33,hybrid
DE,CA,3,hybrid
GN,US,1,hybrid
US,CI,3,hybrid
TZ,AU,1,hybrid
BD,NL,2,hybrid
FR,US,15,hybrid
PG,AU,1,hybrid
BR,NL,10,hybrid
CN,LU,4,hybrid
US,US,664,hybrid
SE,DE,3,hybrid
SE,AE,1,hybrid
SE,GB,45,hybrid
ZA,IT,4,hybrid
IE,IT,1,hybrid
NZ,US,1,hybrid
SG,LU,2,hybrid
LU,LU,1,hybrid
PL,US,3,hybrid
HU,AU,5,hybrid
IN,CA,2,hybrid
GW,CH,2,hybrid
DE,GB,95,hybrid
US,ET,4,hybrid
NL,LU,11,hybrid
VN,CH,9,hybrid
AT,CH,11,hybrid
BF,CH,2,hybrid
IL,US,6,hybrid
IT,GB,53,hybrid
CN,GB,37,hybrid
KR,US,7,hybrid
QA,US,1,hybrid
AR,CH,4,hybrid
NL,CH,57,hybrid
ZW,CH,4,hybrid
IT,AU,32,hybrid
SE,NL,19,hybrid
CN,IT,3,hybrid
ID,IT,100,hybrid
IT,DE,5,hybrid
MY,AU,1,hybrid
CO,AU,1,hybrid
ML,IT,3,hybrid
FR,NL,19,hybrid
ES,IT,7,hybrid
AT,GB,23,hybrid
SA,AU,1,hybrid
US,CA,21,hybrid
JP,CH,9,hybrid
JP,LU,1,hybrid
IN,GB,1,hybrid
IT,CA,3,hybrid
EG,CH,5,hybrid
MX,CH,15,hybrid
AU,CA,1,hybrid
ZM,US,3,hybrid
GB,TH,3,hybrid
ZA,US,5,hybrid
US,AU,243,hybrid
KE,IT,44,hybrid
TW,DE,2,hybrid
PL,AU,5,hybrid
LB,IT,6,hybrid
DK,DE,10,hybrid
PK,GB,1,hybrid
AU,IT,33,hybrid
SE,IT,32,hybrid
NZ,LU,3,hybrid
AU,CI,1,hybrid
NZ,CH,2,hybrid
HU,GB,5,hybrid
CL,IT,22,hybrid
US,CH,304,hybrid
IT,LU,42,hybrid
TZ,IT,1,hybrid
DE,CH,19,hybrid
PT,AU,6,hybrid
FR,DE,6,hybrid
CH,LU,7,hybrid
IN,CH,35,hybrid
JP,IT,17,hybrid
SY,US,1,hybrid
GB,AU,399,hybrid
CZ,NL,3,hybrid
IL,DE,1,hybrid
CN,CH,22,hybrid
DK,IT,26,hybrid
ET,AE,1,hybrid
NO,US,9,hybrid
DK,AU,13,hybrid
BE,US,6,hybrid
IL,AU,4,hybrid
NZ,AU,26,hybrid
MW,GB,2,hybrid
RU,US,1,hybrid
IL,NL,2,hybrid
GB,CA,15,hybrid
NO,NL,3,hybrid
PG,CH,3,hybrid
NL,US,47,hybrid
CH,NL,15,hybrid
BE,AU,3,hybrid
IT,IT,53,hybrid
TW,CH,2,hybrid
NZ,GB,10,hybrid
CH,CI,1,hybrid
CO,GB,2,hybrid
AT,IT,3,hybrid
DE,AU,44,hybrid
MW,IT,1,hybrid
DK,CA,2,hybrid
BE,GB,18,hybrid
CN,NL,8,hybrid
CA,CH,34,hybrid
SI,NL,1,hybrid
FI,LU,2,hybrid
IT,NL,19,hybrid
UG,US,1,hybrid
BR,GB,22,hybrid
NI,IT,3,hybrid
AT,DE,3,hybrid
CA,US,34,hybrid
PT,GB,3,hybrid
ET,CH,2,hybrid
AU,US,17,hybrid
PL,GB,3,hybrid
QA,CH,7,hybrid
US,IT,189,hybrid
SE,TH,1,hybrid
CL,US,1,hybrid
IL,CA,1,hybrid
GR,GB,4,hybrid
DK,ES,2,hybrid
IN,IT,6,hybrid
FR,LU,9,hybrid
KW,CH,4,hybrid
DK,LU,3,hybrid
KE,GB,2,hybrid
MX,AU,5,hybrid
DK,GB,31,hybrid
GB,US,192,hybrid
PL,NL,1,hybrid
HU,IT,1,hybrid
GB,BE,3,hybrid
FJ,IT,1,hybrid
GB,DE,53,hybrid
AT,US,13,hybrid
BR,AU,6,hybrid
GN,GB,1,hybrid
CR,IT,7,hybrid
TH,GB,1,hybrid
CL,GB,2,hybrid
LU,NL,1,hybrid
BY,CH,1,hybrid
IS,GB,4,hybrid
FR,CH,24,hybrid
KR,DE,2,hybrid
KE,NL,1,hybrid
CA,DE,9,hybrid
CR,AU,2,hybrid
ES,US,9,hybrid
SG,CH,2,hybrid
CA,GB,83,hybrid
MX,GB,3,hybrid
CN,US,12,hybrid
AU,GB,49,hybrid
NG,IT,3,hybrid
GR,LU,5,hybrid
FI,CI,1,hybrid
CZ,US,2,hybrid
IL,GB,3,hybrid
JP,AU,3,hybrid
AU,DE,5,hybrid
FR,AU,10,hybrid
NL,IE,1,hybrid
PK,AU,1,hybrid
IS,NL,1,hybrid
PH,IT,2,hybrid
IR,GB,7,hybrid
GB,GB,1010,hybrid
SA,CH,2,hybrid
ES,CH,14,hybrid
ES,LU,4,hybrid
US,LU,23,hybrid
SE,US,14,hybrid
GB,IE,9,hybrid
BR,US,15,hybrid
IS,CH,2,hybrid
NO,GB,37,hybrid
BY,US,1,hybrid
AU,AE,1,hybrid
CH,GB,37,hybrid
LU,AU,2,hybrid
NO,AU,21,hybrid
FR,IE,1,hybrid
PE,IT,2,hybrid
US,GB,437,hybrid
ES,BE,2,hybrid
NL,IT,43,hybrid
SE,CH,14,hybrid
FI,US,16,hybrid
ES,DE,1,hybrid
SG,ES,4,hybrid
KE,AU,4,hybrid
KR,CH,8,hybrid
NZ,CI,1,hybrid
HU,AE,3,hybrid
NO,CA,1,hybrid
NG,CH,8,hybrid
CH,CA,1,hybrid
ES,AU,9,hybrid
US,NL,113,hybrid
CH,DE,9,hybrid
GB,BR,1,hybrid
US,FR,3,hybrid
KE,US,8,hybrid
BR,IT,32,hybrid
EG,US,3,hybrid
BD,IT,6,hybrid
ZA,DE,2,hybrid
CN,CA,1,hybrid
FR,ES,4,hybrid
TH,AU,1,hybrid
MX,US,2,hybrid
NO,CH,13,hybrid
MX,IT,6,hybrid
NL,AU,59,hybrid
CH,US,24,hybrid
AU,AU,251,hybrid
IE,GB,8,hybrid
AT,LU,8,hybrid
CZ,CH,2,hybrid
US,ES,4,hybrid
FR,GB,45,hybrid
CM,CH,2,hybrid
PE,US,2,hybrid
ZA,CI,1,hybrid
ID,US,4,hybrid
NL,NL,240,hybrid
MM,CH,2,hybrid
CA,IT,22,hybrid
IQ,CH,2,hybrid
UG,IT,3,hybrid
GB,AE,9,hybrid
ZA,GB,4,hybrid
GR,US,3,hybrid
ET,IT,11,hybrid
DE,BE,1,hybrid
MW,US,1,hybrid
UG,CI,1,bronze
US,GB,955,bronze
SE,US,29,bronze
BR,US,120,bronze
NO,GB,28,bronze
SA,GB,3,bronze
AU,AE,6,bronze
TW,IT,2,bronze
CH,GB,51,bronze
NL,ES,3,bronze
NO,AU,6,bronze
HU,LU,2,bronze
GM,US,3,bronze
BR,DE,2,bronze
TR,DE,2,bronze
IT,CI,1,bronze
FI,US,3,bronze
SA,NL,1,bronze
KE,AU,5,bronze
NO,CA,1,bronze
EC,CH,2,bronze
ME,US,1,bronze
NG,CH,5,bronze
CH,CA,2,bronze
ES,AU,10,bronze
CH,DE,9,bronze
NL,IT,14,bronze
SE,CH,25,bronze
ES,DE,4,bronze
BT,CH,3,bronze
AU,TH,2,bronze
JM,CH,4,bronze
SL,NL,1,bronze
KR,CH,19,bronze
US,NL,264,bronze
MY,NL,5,bronze
NP,GB,2,bronze
BR,IT,10,bronze
EG,US,2,bronze
FI,GB,13,bronze
US,IE,2,bronze
UZ,CH,2,bronze
SG,NL,7,bronze
TH,AU,3,bronze
NO,CH,6,bronze
NL,AU,46,bronze
AU,AU,632,bronze
CZ,CH,3,bronze
US,ES,2,bronze
US,FR,6,bronze
KE,US,14,bronze
ZA,DE,5,bronze
TH,DE,2,bronze
MX,US,4,bronze
CH,US,21,bronze
IE,GB,24,bronze
AT,LU,11,bronze
FR,GB,87,bronze
CM,CH,3,bronze
CA,IT,12,bronze
IE,NL,2,bronze
ZA,GB,14,bronze
ZA,CI,1,bronze
NL,NL,249,bronze
NL,CI,2,bronze
EG,GB,4,bronze
GB,AE,1,bronze
GR,US,9,bronze
TT,CH,2,bronze
CH,IT,9,bronze
SE,LU,3,bronze
US,DE,120,bronze
CA,CA,11,bronze
PT,LU,3,bronze
NO,IT,16,bronze
IT,BE,3,bronze
NZ,DE,2,bronze
ZA,CH,65,bronze
BD,US,8,bronze
PT,DE,1,bronze
GB,FR,2,bronze
CN,DE,4,bronze
CA,ET,1,bronze
DK,NL,7,bronze
AR,LU,2,bronze
BD,CH,7,bronze
GR,IT,5,bronze
AT,NL,8,bronze
GL,AU,1,bronze
SG,US,1,bronze
TN,CH,3,bronze
GN,CH,1,bronze
GB,LU,48,bronze
IN,AU,4,bronze
TW,GB,12,bronze
DK,US,28,bronze
PK,CH,10,bronze
BE,DE,10,bronze
GB,NL,76,bronze
CO,CH,11,bronze
ZA,AU,5,bronze
KH,CH,5,bronze
GR,CA,1,bronze
MY,CH,11,bronze
IN,NL,2,bronze
BD,AU,1,bronze
JP,DE,11,bronze
GB,ES,16,bronze
SV,US,1,bronze
JP,GB,53,bronze
JO,CH,4,bronze
TN,IT,2,bronze
SA,US,1,bronze
MK,DE,2,bronze
FI,NL,8,bronze
IR,CH,4,bronze
FI,IT,2,bronze
CL,NL,5,bronze
DE,US,36,bronze
NC,AU,2,bronze
GR,CH,5,bronze
CA,AU,63,bronze
US,AE,3,bronze
IN,LU,1,bronze
FR,IT,39,bronze
CN,TH,1,bronze
TR,CH,4,bronze
BE,CH,32,bronze
SL,US,6,bronze
GB,IT,88,bronze
AU,NL,46,bronze
NZ,AU,32,bronze
GB,CA,10,bronze
IE,CH,4,bronze
PG,CH,12,bronze
NL,US,48,bronze
CH,NL,10,bronze
TW,CH,4,bronze
CO,GB,2,bronze
DE,AU,53,bronze
BE,GB,41,bronze
IR,NL,2,bronze
HU,US,1,bronze
MW,GB,1,bronze
NO,NL,3,bronze
BE,AU,6,bronze
IT,IT,22,bronze
JM,US,2,bronze
AE,US,1,bronze
NZ,GB,23,bronze
CH,CI,2,bronze
AT,IT,2,bronze
SE,CI,1,bronze
CN,NL,8,bronze
CA,CH,69,bronze
FI,LU,3,bronze
IT,NL,16,bronze
BR,GB,13,bronze
AT,DE,2,bronze
UG,CH,16,bronze
AU,US,65,bronze
PL,GB,6,bronze
US,IT,245,bronze
ZM,CH,9,bronze
DK,LU,6,bronze
PL,DE,2,bronze
CA,US,105,bronze
PT,GB,1,bronze
GB,CI,3,bronze
GR,GB,8,bronze
IN,IT,1,bronze
FR,LU,3,bronze
KE,GB,1,bronze
DK,GB,40,bronze
GB,US,191,bronze
GB,BE,3,bronze
GB,DE,52,bronze
BR,AU,11,bronze
QA,AU,1,bronze
CA,DE,24,bronze
PL,NL,3,bronze
PE,CH,7,bronze
AT,US,5,bronze
TH,GB,3,bronze
CL,GB,2,bronze
IS,GB,2,bronze
FR,CH,48,bronze
SL,CH,1,bronze
KE,NL,6,bronze
SG,CA,1,bronze
SG,CH,14,bronze
CN,US,37,bronze
GR,LU,3,bronze
KE,LU,4,bronze
JP,AU,5,bronze
PK,AU,1,bronze
PH,IT,2,bronze
IR,GB,9,bronze
JM,IT,1,bronze
ES,LU,4,bronze
US,LU,44,bronze
IL,IT,7,bronze
ES,US,13,bronze
CA,GB,150,bronze
AU,GB,161,bronze
CZ,US,1,bronze
IL,GB,14,bronze
AU,DE,20,bronze
FR,AU,7,bronze
GB,GB,841,bronze
SA,CH,8,bronze
ES,CH,40,bronze
BR,FR,1,bronze
DE,AE,4,bronze
IR,AU,1,bronze
KR,US,3,bronze
ID,IT,2,bronze
SC,IT,3,bronze
IT,GB,65,bronze
TW,AU,1,bronze
CN,GB,62,bronze
QA,US,1,bronze
AR,CH,4,bronze
NL,CH,92,bronze
ZW,CH,2,bronze
IT,AU,18,bronze
PK,US,3,bronze
SE,NL,20,bronze
CN,IT,14,bronze
IT,DE,9,bronze
MY,AU,2,bronze
CO,AU,2,bronze
ES,IT,18,bronze
AT,GB,14,bronze
JP,LU,2,bronze
EG,CH,10,bronze
AU,CA,2,bronze
ZM,US,1,bronze
US,AU,523,bronze
KE,IT,49,bronze
PL,AU,1,bronze
FR,NL,21,bronze
SA,AU,2,bronze
US,CA,50,bronze
JP,CH,53,bronze
IN,GB,3,bronze
MX,CH,3,bronze
ZA,US,6,bronze
IN,DE,2,bronze
DK,DE,13,bronze
AU,IT,70,bronze
SE,IT,15,bronze
NZ,LU,1,bronze
NZ,CH,10,bronze
CH,ET,1,bronze
GE,US,4,bronze
KE,CA,2,bronze
PT,IT,5,bronze
TH,IT,2,bronze
PT,AU,3,bronze
CH,LU,4,bronze
AU,CI,1,bronze
US,CH,869,bronze
CR,NL,2,bronze
IT,LU,17,bronze
DE,CH,49,bronze
FR,DE,18,bronze
IN,CH,41,bronze
CH,ES,2,bronze
JP,IT,4,bronze
CO,LU,1,bronze
CZ,NL,5,bronze
DK,IT,5,bronze
NO,US,17,bronze
HR,GB,2,bronze
DK,AU,10,bronze
BE,US,4,bronze
PK,IT,2,bronze
GB,AU,214,bronze
IL,DE,6,bronze
CN,CH,54,bronze
IL,AU,2,bronze
ZA,LU,3,bronze
MX,NL,1,bronze
CH,AU,19,bronze
CZ,GB,5,bronze
ZA,ET,1,bronze
AU,LU,6,bronze
NZ,IT,2,bronze
GM,CH,3,bronze
BR,AE,1,bronze
JP,NL,7,bronze
JP,US,16,bronze
TR,US,5,bronze
BE,NL,9,bronze
PT,CH,1,bronze
TH,CH,19,bronze
GB,CH,289,bronze
IN,US,13,bronze
MY,IT,7,bronze
BR,CH,19,bronze
DE,CA,2,bronze
SL,IT,3,bronze
TR,GB,4,bronze
US,CI,11,bronze
RO,GB,4,bronze
NG,US,1,bronze
SA,IT,1,bronze
CL,CH,4,bronze
GN,US,2,bronze
FR,US,33,bronze
BR,NL,6,bronze
US,US,5185,bronze
CY,AU,2,bronze
SE,DE,3,bronze
ZA,IT,5,bronze
GH,IT,3,bronze
ML,CH,4,bronze
SE,GB,65,bronze
IE,IT,1,bronze
NZ,US,5,bronze
PL,US,6,bronze
HU,AU,1,bronze
GW,CH,2,bronze
ME,GB,1,bronze
HR,US,1,bronze
DE,GB,136,bronze
IE,CA,1,bronze
JP,CN,4,bronze
US,ET,5,bronze
JM,AU,3,bronze
IR,DE,2,bronze
VE,AU,2,bronze
CO,NL,1,bronze
IL,US,10,bronze
FI,DE,3,bronze
NL,LU,12,bronze
VN,CH,2,bronze
US,BE,13,bronze
UG,AU,1,bronze
AT,CH,2,bronze
BF,CH,2,bronze
DE,IT,42,bronze
DE,NL,33,bronze
ES,GB,84,bronze
AU,CH,140,bronze
NZ,NL,2,bronze
IE,US,8,bronze
FI,CH,7,bronze
SG,IT,12,bronze
RU,CH,2,bronze
IE,LU,5,bronze
BE,IT,2,bronze
SG,AU,2,bronze
CN,AU,10,bronze
TW,US,3,bronze
AT,AU,9,bronze
NO,DE,4,bronze
TH,US,3,bronze
NL,GB,140,bronze
CA,NL,21,bronze
SG,GB,13,bronze
GH,US,2,bronze
IL,CH,7,bronze
CO,IT,9,bronze
CA,LU,3,bronze
NL,BE,2,bronze
LA,CH,12,bronze
NL,DE,28,bronze
MZ,CH,2,bronze
CA,CI,2,bronze
PH,CH,5,bronze
GH,CH,5,bronze
TZ,CH,8,bronze
FR,CA,3,bronze
HU,CH,1,bronze
NL,AE,2,bronze
DK,CH,22,bronze
IT,TH,1,bronze
RW,CH,3,bronze
LK,CH,6,bronze
SE,AU,8,bronze
IT,CH,32,bronze
DE,LU,11,bronze
IT,US,47,bronze
RU,GB,2,bronze
KR,GB,45,bronze
KR,IT,3,bronze
TW,NL,4,bronze
ID,CH,9,bronze
IE,AU,2,bronze
BE,LU,3,bronze
NO,LU,4,bronze
SY,CH,8,bronze
AE,IT,1,bronze
FI,AU,12,bronze
GM,GB,2,bronze
PL,CH,2,bronze
SN,IT,3,bronze
ES,NL,11,bronze
KE,CH,12,bronze
MW,CH,17,bronze
DE,DE,35,bronze
ZA,NL,1,bronze
NG,GB,2,bronze
SA,LU,1,bronze
GL,US,1,bronze
NL,CA,2,bronze
CO,US,39,bronze
SV,CH,3,bronze
CH,CH,177,bronze
HR,IT,1,bronze
CH,IT,22,green
UY,IT,2,green
SE,LU,13,green
MA,IT,2,green
US,DE,184,green
CA,IE,1,green
JO,AU,2,green
CA,CA,7,green
LR,US,4,green
PT,LU,1,green
NO,IT,37,green
IT,BE,4,green
DK,CI,2,green
NZ,DE,1,green
VN,US,1,green
ZA,CH,153,green
LK,NL,1,green
US,RU,2,green
AT,CA,6,green
BD,US,8,green
GB,FR,12,green
CN,DE,1,green
GR,AU,1,green
RO,US,1,green
DK,NL,28,green
BD,CH,13,green
GR,IT,11,green
AT,NL,35,green
TN,CH,3,green
SG,US,7,green
GN,CH,3,green
GB,LU,148,green
IN,AU,5,green
TW,GB,7,green
DK,US,34,green
MX,TH,1,green
NP,US,3,green
PK,CH,13,green
GB,ET,3,green
BE,DE,10,green
GB,NL,239,green
CO,CH,4,green
ZA,AU,19,green
KH,CH,6,green
MY,CH,8,green
LR,GB,1,green
CN,FR,1,green
IN,NL,4,green
BD,AU,4,green
JP,DE,5,green
GB,ES,12,green
AR,BE,1,green
BJ,CH,4,green
SV,US,1,green
JP,GB,28,green
JO,CH,5,green
SA,US,7,green
TN,IT,6,green
US,TH,7,green
BI,CH,2,green
IT,ET,3,green
FR,TH,1,green
IS,AU,2,green
FI,NL,16,green
IR,CH,6,green
FI,IT,10,green
TZ,US,4,green
CL,NL,6,green
DE,US,148,green
BE,ET,1,green
AR,GB,2,green
AR,AU,10,green
IT,FR,1,green
CA,AU,131,green
US,AE,16,green
IN,LU,1,green
FR,IT,100,green
BE,CH,52,green
NI,US,1,green
PT,NL,2,green
SL,US,1,green
GB,IT,277,green
AU,NL,61,green
PF,GB,1,green
DE,IT,58,green
SE,IE,1,green
DE,NL,46,green
ID,AU,5,green
SE,CA,2,green
ES,GB,85,green
NP,CA,1,green
AU,CH,165,green
NZ,NL,4,green
FJ,CH,1,green
IE,US,40,green
FI,CH,16,green
UZ,LU,1,green
SG,IT,5,green
RU,CH,6,green
IE,LU,11,green
BE,IT,31,green
NZ,BE,1,green
CN,AU,43,green
VN,IT,1,green
TW,US,1,green
AT,AU,65,green
NO,DE,7,green
PH,US,2,green
TH,US,4,green
NL,GB,146,green
CA,NL,43,green
SG,GB,8,green
IL,CH,10,green
CO,IT,12,green
CA,LU,12,green
NL,BE,6,green
LA,CH,15,green
NL,DE,20,green
CA,FR,1,green
PH,CH,11,green
SI,CH,1,green
JO,NL,1,green
GH,CH,1,green
TZ,CH,5,green
PT,US,6,green
FR,CA,4,green
HU,CH,2,green
FR,FR,1,green
NL,AE,4,green
DK,CH,33,green
AT,AE,1,green
RW,CH,5,green
LK,CH,15,green
KH,LU,1,green
SE,AU,66,green
IT,CH,38,green
DE,LU,42,green
ZW,IT,2,green
IT,US,63,green
KR,GB,43,green
LT,AU,1,green
KR,IT,4,green
CI,CH,10,green
ID,CH,16,green
IE,AU,26,green
BE,LU,19,green
KR,AU,1,green
IE,DE,4,green
IT,IE,1,green
NO,LU,11,green
BE,FR,3,green
UG,GB,2,green
SY,CH,9,green
LB,CH,2,green
FI,AU,35,green
ES,CA,1,green
FJ,AU,3,green
NP,IT,1,green
KR,NL,1,green
AM,US,4,green
PL,CH,13,green
TR,IE,1,green
ES,NL,21,green
KE,CH,13,green
MW,CH,40,green
DE,DE,33,green
ZA,NL,5,green
US,CN,2,green
LU,CH,15,green
SA,LU,1,green
PF,US,2,green
NL,CA,4,green
CO,US,3,green
SV,CH,3,green
BE,TH,1,green
CH,CH,267,green
ZM,IT,1,green
NZ,AU,54,green
RU,US,4,green
GB,CA,34,green
IE,CH,5,green
PG,CH,19,green
NL,US,101,green
GT,US,1,green
CH,NL,36,green
JP,CA,1,green
TW,CH,3,green
CO,GB,2,green
DE,AU,146,green
MW,IT,7,green
BE,GB,35,green
MW,GB,2,green
IS,LU,1,green
NO,NL,18,green
BE,AU,33,green
IT,IT,96,green
AE,US,2,green
NZ,GB,18,green
AT,IT,7,green
SE,CI,1,green
DK,CA,3,green
CN,NL,14,green
CA,CH,97,green
SI,NL,1,green
FI,LU,2,green
IT,NL,29,green
BR,GB,18,green
LV,CH,4,green
NI,IT,1,green
AT,DE,3,green
UG,CH,6,green
AU,US,100,green
PL,GB,13,green
US,IT,503,green
CL,US,4,green
ZM,CH,7,green
DK,LU,13,green
UG,US,1,green
CA,US,170,green
PT,GB,7,green
ET,CH,11,green
FR,RU,1,green
LB,NL,1,green
GB,CI,7,green
GR,GB,3,green
DK,ES,9,green
IN,IT,4,green
FR,LU,27,green
GP,IT,2,green
ID,LU,1,green
DK,GB,49,green
GB,US,486,green
GB,BE,18,green
GB,DE,62,green
BR,AU,10,green
KR,DE,3,green
QA,AU,1,green
CA,DE,12,green
MX,AU,13,green
BE,CA,1,green
PL,NL,4,green
HU,IT,1,green
TR,CA,3,green
PE,CH,6,green
AT,US,27,green
CR,IT,9,green
TH,GB,4,green
CL,GB,2,green
LU,NL,1,green
IS,GB,6,green
FR,CH,96,green
TR,NL,8,green
SL,CH,1,green
SG,CH,4,green
CN,US,31,green
RW,US,2,green
GR,LU,2,green
FI,CI,2,green
JP,AU,12,green
NL,IE,6,green
CM,GB,1,green
IS,NL,4,green
RU,NL,2,green
IR,GB,5,green
ES,LU,35,green
US,LU,116,green
IL,IT,2,green
ES,US,64,green
CA,GB,140,green
MX,GB,3,green
AU,GB,213,green
HR,AU,1,green
CZ,US,6,green
IL,GB,9,green
AU,DE,16,green
FR,AU,70,green
GB,GB,1729,green
SA,CH,10,green
ES,CH,51,green
BR,FR,8,green
DE,AE,18,green
PE,AU,2,green
CH,AU,90,green
CZ,GB,7,green
LB,GB,2,green
GR,DE,2,green
JO,IT,2,green
AU,LU,10,green
NZ,IT,3,green
BR,LU,1,green
GM,CH,8,green
LT,LU,1,green
DE,FR,6,green
JP,NL,6,green
SN,CH,2,green
JP,US,7,green
TR,US,10,green
SI,US,2,green
IL,BR,2,green
BE,NL,32,green
PT,CH,5,green
TH,CH,40,green
TR,BE,1,green
GB,CH,705,green
IN,US,19,green
BR,CH,28,green
DE,CA,8,green
TR,GB,15,green
ET,NL,2,green
US,CI,21,green
BE,BE,3,green
FR,CI,1,green
RO,GB,2,green
NG,US,2,green
ZW,US,1,green
RS,GB,2,green
NP,CH,3,green
SA,IT,7,green
CL,CH,5,green
BH,NL,2,green
CA,BE,1,green
BD,NL,1,green
FR,US,94,green
BR,NL,7,green
US,US,4713,green
SE,DE,4,green
ZA,IT,12,green
MY,US,1,green
SD,CH,2,green
HT,CH,2,green
AR,US,10,green
TZ,AU,3,green
PF,CH,17,green
DK,AE,3,green
GH,IT,2,green
PG,AU,1,green
ML,CH,7,green
CN,LU,9,green
SE,AE,4,green
SE,GB,67,green
IE,IT,4,green
LK,AU,2,green
NZ,US,5,green
SG,LU,2,green
PL,US,18,green
FR,BE,8,green
HU,AU,3,green
GW,CH,2,green
DE,GB,129,green
IE,CA,1,green
US,ET,18,green
IT,AE,1,green
NZ,ES,2,green
IL,US,10,green
ZM,AU,1,green
NL,LU,24,green
LB,US,1,green
VN,CH,5,green
US,BE,51,green
UG,AU,1,green
AT,CH,10,green
BF,CH,5,green
BH,GB,1,green
GB,IE,11,green
IS,CH,2,green
CA,TH,1,green
IS,US,2,green
CI,US,3,green
RO,CH,2,green
UG,CI,1,green
PE,IT,5,green
US,GB,2034,green
CR,FR,2,green
SE,US,53,green
BR,US,26,green
NO,GB,51,green
RO,AU,1,green
SA,GB,5,green
AU,AE,1,green
GT,CH,1,green
SK,IT,3,green
CH,GB,80,green
NO,AU,35,green
GM,US,1,green
ZA,FR,1,green
IT,CI,1,green
FI,US,17,green
SA,NL,1,green
KE,AU,1,green
IE,FR,1,green
HU,AE,2,green
NO,CA,6,green
NG,CH,20,green
CH,CA,1,green
ES,AU,35,green
CH,DE,17,green
ES,BE,3,green
NL,IT,75,green
SE,CH,35,green
ES,DE,8,green
SG,BE,3,green
KR,CH,12,green
US,NL,524,green
GB,BR,2,green
MY,NL,6,green
BR,IT,13,green
DE,ET,1,green
BD,IT,3,green
IT,RU,2,green
FI,GB,10,green
US,IE,8,green
TH,AU,5,green
NO,CH,31,green
NL,AU,128,green
AU,AU,879,green
US,ES,6,green
US,FR,23,green
KE,US,16,green
CL,AU,7,green
ZA,DE,2,green
CN,CA,2,green
NL,FR,6,green
CH,AE,1,green
MX,US,9,green
MX,IT,3,green
CH,US,76,green
IE,GB,36,green
AT,LU,8,green
LK,US,5,green
RS,IT,2,green
FR,GB,108,green
CM,CH,3,green
AR,IT,14,green
CA,IT,36,green
IE,NL,7,green
ZA,GB,5,green
ET,IT,24,green
DE,BE,6,green
NZ,FR,1,green
MW,US,2,green
PE,US,1,green
NL,NL,404,green
ID,US,5,green
MM,CH,4,green
EG,GB,2,green
NL,CI,1,green
UG,IT,2,green
GB,AE,18,green
ML,US,2,green
ES,ES,1,green
GR,US,1,green
TN,CI,3,green
SE,ET,1,green
KR,US,8,green
ID,IT,96,green
IT,GB,67,green
TW,AU,1,green
CN,GB,64,green
TZ,NL,1,green
QA,US,1,green
AR,NL,4,green
AR,CH,14,green
NL,CH,110,green
AU,FR,3,green
IT,AU,37,green
PK,US,3,green
ZW,CH,4,green
SE,NL,60,green
CN,IT,30,green
IT,DE,10,green
TR,AU,2,green
CN,BE,2,green
MY,AU,2,green
CO,AU,5,green
GH,CI,1,green
PT,BE,2,green
ES,IT,46,green
AT,GB,21,green
CH,BE,3,green
JP,LU,2,green
IT,CA,4,green
ZM,US,1,green
AU,CA,4,green
GB,TH,5,green
US,AU,1339,green
KE,IT,21,green
PL,AU,8,green
FR,NL,68,green
SA,AU,4,green
US,CA,95,green
JP,CH,24,green
IN,GB,6,green
PF,NL,1,green
MX,CH,23,green
ZA,US,30,green
DK,DE,8,green
AU,IT,46,green
SE,IT,53,green
NZ,LU,4,green
NZ,CH,15,green
HU,GB,4,green
KE,CA,1,green
PT,IT,7,green
TH,IT,5,green
PT,AU,10,green
CH,LU,17,green
LK,IT,2,green
CL,IT,6,green
US,CH,1594,green
FJ,GB,1,green
BE,AE,1,green
US,BR,1,green
IT,LU,65,green
UZ,IT,1,green
TZ,IT,4,green
DE,CH,68,green
FR,DE,13,green
IN,CH,69,green
CH,ES,2,green
JP,IT,5,green
CO,LU,1,green
CZ,NL,8,green
DK,IT,20,green
NO,US,21,green
HR,GB,2,green
AL,IT,2,green
DK,AU,32,green
BE,US,31,green
PK,IT,1,green
GB,AU,899,green
IL,DE,6,green
AU,BE,1,green
CN,CH,63,green
CM,IT,17,green
SB,AU,2,green
CI,CI,1,green
IL,AU,8,green

